Название,Местоположение,Улица,Юридическое лицо,Адрес сайта,ИНН,На карте
Зеленогорский парк культуры и отдыха,Курортный район,"г. Зеленогорск, Приморское ш., 536а",Санкт-Петербургское государственное бюджетное учреждение культуры «Зеленогорский парк культуры и отдыха»,,,[object Object]
Парк культуры и отдыха города Холмска,Холмск,ул. Морская,Муниципальное бюджетное учреждение культуры «Парк культуры и отдыха города Холмска»,,6509021029,[object Object]
Славгородский городской парк культуры и отдыха,Славгород,"ул. К. Либкнехта, 169а",Муниципальное бюджетное учреждение культуры «Городской Дом культуры города Славгорода»,,2210007662,[object Object]
Финно-угорский этнопарк,Сыктывдинский район,"с. Ыб, местечко Сёрд, 19/1",ГАУ РК «Финно-угорский этнопарк»,http://www.ethnopark-rk.ru,1101486830,[object Object]
Городской парк культуры и отдыха,Гулькевичский район,"г. Гулькевичи, ул. Ленинградская, 1/3",Муниципальное бюджетное учреждение культуры Городской парк культуры и отдыха Гулькевичского городского поселения Гулькевичского района,,,[object Object]
Парк культуры и отдыха г. Снежинска,Снежинск,"ул. Комсомольская, 1",Парк культуры и отдыха г. Снежинск ,,7423010690,[object Object]
Парк культуры и отдыха г. Серпухова,Городской округ город Серпухов,"ул. Луначарского, 74","Муниципальное учереждение культуры ""Парк культуры""",http://www.serp-park.ru/,5043023322,[object Object]
Городской парк г. Кашира,Городской округ Кашира,ул. Гвардейская,МАУК «Городской парк»,http://kashira-park.ru/,5019025103,[object Object]
Константиновский городской сквер,Константиновский район," г. Константиновск, ул. 25 Октября",МБУК «Константиновский районный дом культуры»,,6116008610,[object Object]
Парк семейного отдыха г. Дубны,Городской округ город Дубна,"пр. Боголюбова, 24а",МАУ «Городские парки»,,5010037873,[object Object]
Парк «Садовники»,Москва,"пр-т Андропова, 58а",ГАУК г. Москвы «Парк культуры и отдыха «Кузьминки»,http://www.sadovniki.park-kuzminki.ru,,[object Object]
Парк «Петровский»,Москва,"пр-т Ленинградский, 40",ГАУК «Лианозовский парк культуры и отдыха»,,,[object Object]
Куркинский парк культуры и отдыха,Куркинский район,"пос. Куркино, ул. Парковая",МКУК «Куркинский районный центр культуры»,,7129027178,[object Object]
Парк 200-летия Череповца,Череповец,"ул. Леднева, 2",МБУК «Городской культурно-досуговый центр «Единение»,,3528067753,[object Object]
Парк культуры и отдыха г. Череповца,Череповец,"ул. М. Горького, 2",МБУК «Городской культурно-досуговый центр «Единение»,,3528067753,[object Object]
Парк имени Ленинского комсомола,Череповец,"ул. М. Горького, 49а",МБУК «Городской культурно-досуговый центр «Единение»,,3528067753,[object Object]
Парк культуры и отдыха города Горячего Ключа,Горячий Ключ,"ул. Октябрьская, 131",МБУ «Парк культуры и отдыха»,,2305020830,[object Object]
Детский парк «Бегемот»,Лангепас,"ул. Парковая, 20",ЛГ МАУ «Центр культуры «Нефтяник»,http://www.kultura-langepasa.ru/8%20Begemot.htm,,[object Object]
Парк культуры и отдыха,Уфа,"ул. Жукова, 31",Муниципальное унитарное предприятие «УФАПАРК» г. Уфа РБ,,0276154294,[object Object]
Острогожский городской парк культуры и отдыха,Острогожский район,"г. Острогожск, ул. Карла Маркса, 11а",МБУ «Дом культуры ОМР»,,,[object Object]
Центральный парк культуры и отдыха «Лопатинский сад» города Смоленска,Смоленск,"ул. Ленина, 2а",МБУК «Центральный парк культуры и отдыха «Лопатинский сад» г. Смоленска,http://лопатинскийсад.рф,6730049842,[object Object]
Александровский городской парк культуры и отдыха имени 200-летия г. Александрова,Александровский район,"г. Александров, ул. Советская, 12 ",МБУК  «Александровский городской парк культуры и отдыха им. 200-летия г. Александрова»,,3301004692,[object Object]
Чебоксарский городской детский парк имени космонавта А. Г. Николаева,Чебоксары,"ул. Николаева, 6а",МАУК «Чебоксарский городской детский парк им. космонавта А. Г. Николаева»,,2128039661,[object Object]
Мемориальный комплекс «Победа»,Чебоксары,"ул. Зои Яковлевой, 54а",МБУК  Мемориальный комплекс «Победа»,,2127325451,[object Object]
Парк им. Октября,Ростов-на-Дону,"ул. Дачная, 4",МБУ Парк КиО им. Октября,,6165008242,[object Object]
Парк им. М. Горького,Ростов-на-Дону,"ул. Большая Садовая, 45",МУП «ГКДЦ Парк им. М. Горького»,,6164244381,[object Object]
Парк Победы,Волгодонск,"ул. Горького, 77б",МАУК МО «Город Волгодонск» «Парк Победы»,http://pobedavlgd.ru,6143020126,[object Object]
Городской парк культуры и отдыха г. Белогорска,Городской округ город Белогорск,"ул. Набережная, 166",Муниципальное автономное учреждение «Объединенная дирекция городских парков культуры и отдыха» г. Белогорск,,2804003132,[object Object]
Парк культуры и отдыха «Шерстяник»,Невинномысск,"ул. Маяковского, 20",Муниципальное бюджетное учреждение культуры «Дом культуры «Шерстяник» города Невинномысска,,2631018733,[object Object]
Ногинский городской парк культуры и отдыха,Ногинский район,"г. Ногинск, ул. Леснова, 2",МАУ «Городской парк культуры и отдыха» муниципального образования г. Ногинск Московской области,,5031108998,[object Object]
Ялуторовский городской сад,Ялуторовск,"ул. Ленина, 19а",МАУК г. Ялуторовска «Арт-Вояж»,,,[object Object]
Городской парк «Скитские пруды»,Сергиево-Посадский район,"г. Сергиев Посад, ул. Вифанская, владение 151",МАУ «Городские парки Сергиева Посада»,http://skitskie-prudy.ru,5042127840,[object Object]
Парк культуры и отдыха «Северный очаг»,Пуровский район,г. Тарко-Сале,Муниципальное автономное учреждение культуры «Парк культуры и отдыха «Северный очаг»,,8911027548,[object Object]
Парк культуры и отдыха «Первомайский»,Уфа,"ул. Машиностройтелей, 17",МУП Парк культуры и отдыха «Первомайский»,,0273057990,[object Object]
Сад имени С. Т. Аксакова,Уфа,"ул. Пушкина, 112",МУП «Сад культуры и отдыха имени С.Т.Аксакова»,,0274108976,[object Object]
Хабаровский краевой парк им. Муравьёва-Амурского,Хабаровск,"ул. Шевченко, 15",КГБУК «Хабаровский краевой парк им. Муравьёва-Амурского»,http://muravyovamurskypark.ru,,[object Object]
Парк культуры и отдыха города Узловая,Узловский район,"г. Узловая, ул. 14 Декабря, 2а",«Парк культуры и отдыха» г.Узловая,,,[object Object]
Центральный парк культуры и отдыха им. Ю.А. Гагарина,Челябинск,ул. Коммуны,Муниципальное автономное учреждение «Центральный парк культуры и отдыха им. Ю.А. Гагарина»,http://parkgagarin.ru,,[object Object]
Парк «Сад Победы»,Челябинск,"ул. Героев Танкограда, 79",Муниципальное автономное учреждение «Cад Победы»,http://садпобеды.рф,,[object Object]
Сельский парк «Околица»,Томский район,"с. Зоркальцево, ул. Садовая, 1а",ОГАУК «ЦДСО «Томь»,http://travel-tomsk.ru/index.php?page=okolica,,[object Object]
Зооуголок Детского парка,Городской округ Симферополь,"пр-т Кирова, 51",МБУК «Детский парк»,,,[object Object]
Кинешемский Парк культуры и отдыха имени 35-летия Победы,Кинешма,"ул. Завокзальная, 7",Муниципальное учреждение «Кинешемский Парк культуры и отдыха имени 35-летия Победы»,http://park37.ru,,[object Object]
Детский парк,Городской округ Симферополь,"пр-т Кирова, 51",МБУК «Детский парк»,,,[object Object]
Парк Степанова,Иваново,"ул. Смольная, 3",Муниципальное бюджетное учреждение культуры «Парк культуры и отдыха имени В.Я. Степанова»,,,[object Object]
Парк культуры и отдыха КДЦ «Родина»,Приморско-Ахтарский район,"г. Приморско-Ахтарск, ул. 50 лет Октября, 65/1",МАУК «КДЦ «Родина»,,,[object Object]
Парк «Олимпийский»,Пенза,"ул. Гагарина, 6",Парк «Олимпийский»,http://олимп-парк.рф,,[object Object]
Парк культуры и отдыха,Пермь," ул. М. Рыбалко, 106",МАУК «Парк культуры и отдыха»,,,[object Object]
Парк культуры и отдыха  им. И.В. Бабушкина,Санкт-Петербург,"пр-т Обуховской Обороны, 149",ПКиО им. И. В. Бабушкина,,,[object Object]
Парк культуры и отдыха «Красная Пресня»,Москва,"ул. Мантулинская, 5, стр. 2",ГАУК «Парк культуры и отдыха «Красная Пресня»,,,[object Object]
Парк культуры и отдыха «Таганский»,Москва,"ул. Таганская, 40-42",ГАУК «Парк культуры и отдыха «Таганский»,http://www.parktaganskiy.ru,,[object Object]
Парк культуры и отдыха Бабушкинский,Москва,"ул. Менжинского, 6, стр. 3",ГАУК «Парк культуры и отдыха «Бабушкинский»,http://bapark.ru,,[object Object]
Лианозовский парк культуры и отдыха,Москва,"ул. Угличская, 13, стр. 8",ГАУК «Лианозовский парк культуры и отдыха»,http://liapark.ru,,[object Object]
Парк культуры и отдыха «Сокольники»,Москва,"ул. Сокольнический Вал, 1, стр. 1",ГАУК «Парк культуры и отдыха «Сокольники»,http://park.sokolniki.com,,[object Object]
Парк культуры и отдыха «Кузьминки»,Москва,"ул. Кузьминский парк, 1, стр. 2",ГАУК г. Москвы «Парк культуры и отдыха «Кузьминки»,http://www.park-kuzminki.ru,,[object Object]
Парк культуры и отдыха Фили,Москва,"ул. Большая Филевская, 24",ГАУК «Парк культуры и отдыха «Фили»,http://parkfili.com,,[object Object]
Центральный парк культуры и отдыха имени М. Горького,Москва,"ул. Крымский Вал, 9, стр. 1",ГАУК города Москвы «Центральный парк культуры и отдыха имени М. Горького»,,,[object Object]
Парк культуры и отдыха 850-летия Москвы,Москва,"ул. Марьинский Парк, 10, стр. 4",ГАУК «Парк культуры и отдыха 850-летия Москвы»,http://parkivmaryino.ru/category/850_years,,[object Object]
Парковый комплекс истории техники им. К.Г. Сахарова ,Тольятти,"Южное ш., 137 ",МАУК г.о. Тольятти Парковый комплекс истории техники им. К.Г. Сахарова,http://pkitis.tltsu.ru,,[object Object]
Городской парк культуры и отдыха г. Шарья,Костромская область,"г. Шарья, ул. Ленина, 131",МАУ «Городской парк культуры и отдыха»,,,[object Object]
Туапсинский городской парк культуры и отдыха,Туапсинский район,"г. Туапсе, ул. Пл. Ильича, 2",Муниципальное бюджетное учреждение культуры Туапсинского городского поселения «Туапсинский городской парк культуры и отдыха»,,,[object Object]
Парк культуры и отдыха,Урай,ул. Ленина,МАУ «Культура»,,,[object Object]
Городской парк культуры и отдыха,Сургут,"ул. Студенческая, 6",МАУ «Городской парк культуры и отдыха»,,,[object Object]
Парк имени Максима Горького,Таганрог,"ул. Петровская, 104",МАУ «ЦКДД»,http://park-taganrog.ru,,[object Object]
Парк культуры и отдыха,Первоуральск,"ул. Физкультурников, 2, оф. 1",МУУ «Парк культуры и отдыха»,,,[object Object]
Нижнетагильский городской парк культуры и отдыха им. А. П. Бондина,Нижний Тагил,"ул. Уральская, 20",МБУК «Нижнетагильский городской парк культуры и отдыха им. А.П. Бондина» ,,,[object Object]
Парк культуры и отдыха,Лесной,"ул. Победы, 19",МБУ «Парк культуры и отдыха»,,,[object Object]
Кенозерский национальный парк ,Плесецкий район,д. Вершинино,Министерство культуры Архангельской области,http://kenozero.ru,,[object Object]
Парк «Дубки»,Новокуйбышевск,"ул. Суворова, 51",Муниципальное бюджетное учреждение культуры «Городские парки»,http://gorparki-nsk.wix.com,,[object Object]
Парк культуры и отдыха им. М. Горького,Глазов,"ул. Парковая, 15",МБУК Культурный центр «Россия»,http://www.okc-russia.ru,,[object Object]
Ботанический сад Петра Великого,Санкт-Петербург,"ул. Профессора Попова, 2",ФГБУН «Ботанический институт имени В.Л. Комарова РАН (БИН РАН). Ботанический сад Петра Великого»,http://www.botsad-spb.com,,[object Object]
Усадьба «Воронцово»,Москва,"Воронцовский парк, 3",Усадьба Воронцово,http://usadba-vorontsovo.ru,,[object Object]
Лотошинский парк культуры и отдыха,Лотошинский район,"п. Лотошино, ул. Заводская",«Лотошинский парк культуры и отдыха»,,,[object Object]
Щелковский городской парк культуры и отдыха,Щёлковский район,"г. Щелково, ул. Пушкина, 22",«Щелковский городской парк культуры и отдыха»,http://schelkovopark.ru,,[object Object]
Раменский городской парк культуры и отдыха,Раменский район,"г. Раменское, ул. Первомайская, 2",«Раменский городской парк культуры и отдыха»,,,[object Object]
Городской парк культуры и отдыха г. Павловский Посад,Павлово-Посадский район,"г. Павловский Посад, ул. Кирова, 85",«Городской парк культуры и отдыха г.Павловский Посад»,,,[object Object]
Клинский парк культуры и отдыха,Клинский район,"г. Клин, Тверской пер., 1/11",«Клинский парк культуры и отдыха»,,,[object Object]
Люберецкий городской парк культуры и отдыха,Люберецкий район,"г. Люберцы, Октябрьский пр-т, 226",Люберецкий городской парк культуры и отдыха,http://www.lubpark.ru,,[object Object]
Дмитровский парк культуры и отдыха «Березовая роща»,Дмитровский район,"г. Дмитров, ул. Московская",Дмитровский парк культуры и отдыха «Березовая роща»,http://park-dmitrov.ru,,[object Object]
Парк культуры и отдыха г.п. Малаховка,Люберецкий район,"г.п. Малаховка, Театральный пр-д, 1",«Парк культуры и отдыха п.Малаховка»,http://malpark.ru,,[object Object]
Парк культуры и отдыха г. Долгопрудного,Городской округ город Долгопрудный,"ул. Циолковского, 34",«Парк культуры и отдыха г.Долгопрудного»,,,[object Object]
Бежецкий парк культуры и отдыха,Бежецкий район,"г. Бежецк, ул. Большая, 29-31",Муниципальное автономное учреждение культуры «Парк культуры и отдыха»,,6906009564,[object Object]
Парк аттракционов,Когалым,ул. Дружбы Народо,МАУ «КДК «АРТ-Праздник»,http://metro-kogalym.ru,8608040890,[object Object]
Парк аттракционов «Потешный двор»,Архангельск,"ул. Воскресенская, 3",МАУК «Парк аттракционов «Потешный двор»,http://www.arhpark.ru,2901057253,[object Object]
Реутовский центральный городской парк,Городской округ город Реутов,"Юбилейный пр-т, 23б","МУ ""Молодежный культурно-досуговый центр""",,,[object Object]
Парк «Фабричный пруд»,Городской округ город Реутов,"ул. Гагарина, 33/1","МУ ""Молодежный культурно-досуговый центр""",,,[object Object]
Парк имени Белинского,Пенза,"ул. Карла Маркса, 1",МАУ «Центральный парк культуры и отдыха им. В. Г. Белинского»,http://park-belinsky.ru,5836011886,[object Object]
Муниципальное автономное учреждение культуры «Аттракцион»,Ессентуки,ул. Озерная ,Муниципальное автономное учреждение культуры «Аттракцион»,http://essattraction.ucoz.ru,2626802269,[object Object]
Пензенский детский парк,Пенза,"ул. Кронштадтская, 1а",МАУ «Центральный парк культуры и отдыха им. В. Г. Белинского»,http://park-belinsky.ru/ru,5836011886,[object Object]
Детский городок «Волшебник»,Щёлковский район,"г. Щелково, ул. Центральная",«Щелковский городской парк культуры и отдыха»,http://schelkovopark.ru,,[object Object]
Парк культуры и отдыха г. Южноуральска,Южноуральский городской округ,"ул. Парковая, 2",МУ «Парк культуры и отдыха»,,,[object Object]
Озерский парк культуры и отдыха,Озерский городской округ,"ул. Парковая, 1/2",МБУ ПКиО,https://www.park-ozersk.ru,,[object Object]
Парк культуры и отдыха г. Отрадного,Отрадный,"ул. Гагарина, 54",Муниципальное автономное учреждение «Парк культуры и отдыха»,http://otradnypark.ru,,[object Object]
Парк имени 300-летия города Таганрога,Таганрог,"ул. Сергея Шило, 210",МБУК «Парк имени 300-летия города Таганрога»,,,[object Object]
Парк культуры и отдыха г. Жуковского,Городской округ город Жуковский,"ул. Пушкина, 3",«Парк культуры и отдыха г.Жуковский»,,,[object Object]
Городской парк культуры и отдыха г. Коломны (парк Мира),Городской округ город Коломна,ул. Гагарина,«Городской парк культуры и отдыха г.Коломна»,http://парк-коломна.рф,,[object Object]
Домодедовский городской парк культуры и отдыха «Елочки»,Городской округ город Домодедово,"мкр. Центральный, ш. Каширское, 107",Домодедовский городской парк культуры и отдыха «Елочки»,,,[object Object]
Парк культуры и отдыха г. Ивантеевки,Городской округ город Ивантеевка,пр-д Студенческий,«Парк культуры и отдыха г.Ивантеевка»,http://park-ivanteevka.ru,,[object Object]
Парк «Солнечный»,Таловский район,"р.п. Таловая, ул. Советская",МКУ «Управление по культуре Таловского муниципального района»,,,[object Object]
Центральный парк г. Наро-Фоминск,Наро-Фоминский район,"ул. Парк Воровского, 14",МБУК «Дирекция управления парками Наро-Фоминского МР»,,5030086879,[object Object]
Парк культуры и отдыха г. Бородино,Бородино,"ул. Октябрьская, 56а",МБУК ГДК «Угольщик»,,2445900673,[object Object]
Парк им. Величко,Городской округ город Химки,"Химки, мкр. Сходня, ул. Чапаева 21",МАУК «Объединенная дирекция парков»,http://parki-himki.ru,5047143652,[object Object]
Парк им. 50-лет Октября,Самара,"Ташкентский пер, д 39",МАУ г.о. Самара «Парки Самары»,http://parki-samara.ru/парк-имени-50-лет-октября-(металлургов).html,6315856580,[object Object]
Парк «Молодежный»,Самара,ул Ставропольская,МАУ г.о. Самара «Парки Самары»,http://parki-samara.ru/парк-молодежный.html,6315856580,[object Object]
Городской сад г. Лихославль,Лихославльский район,"г Лихославль, ул Советская, д 57",МБУК «РЦКиД»,,6931005147,[object Object]
Парк Дружбы,Самара,"ул Гагарина, д 118",МАУ г.о. Самара «Парки Самары»,http://parki-samara.ru,6315856580,[object Object]
Парк Победы,Самара,"ул Аэродромная, д 90",МАУ г.о. Самара «Парки Самары»,http://parki-samara.ru,6315856580,[object Object]
Струковский сад,Самара,ул Красноармейская,МАУ г.о. Самара «Парки Самары»,http://parki-samara.ru,6315856580,[object Object]
Парк им. Ю. Гагарина,Самара,"ул Советской Армии, 181в",МАУ г.о. Самара «Парки Самары»,http://parki-samara.ru,6315856580,[object Object]
Парк «Дружба»,Владимир,"ул Верхняя Дуброва, д 22Д",МАУК «Парк культуры и отдыха «Дружба» г. Владимира,http://park-druzhba.ru,3327103627,[object Object]
Парковая зона «Эко-Берег»,Городской округ город Химки,"ул Совхозная, д 14",МАУК «Объединенная дирекция парков»,http://parki-himki.ru,5047143652,[object Object]
Городской парк «Дубки»,Московская область,"г Химки, Нагорное ш",МАУК «Объединенная дирекция парков»,http://parki-himki.ru,5047143652,[object Object]
Парк культуры и отдыха им. Л. Н. Толстого,Московская область,"г Химки, Ленинский пр-кт, д 2Б",МАУК «Объединенная дирекция парков»,http://parki-himki.ru,5047143652,[object Object]
Амурский дендрарий,Хабаровский край,"г Амурск, 2-я зона промышленного района",Муниципальное бюджетное учреждение культуры  «Амурский городской дендрарий»,http://dendrarium.amursk.ru,2706019286,[object Object]
Парк культуры и отдыха «Дубки»,Санкт-Петербург,"Большой Литейный пер, д 37",Санкт-Петербургское государственное бюджетное  учреждение культуры «Парк культуры и отдыха «Дубки»,http://parkdubki.ru,,[object Object]
Колпинский парк,Санкт-Петербург,,СПб ГБУ «Парк культуры и отдыха г. Колпино»,http://www.pko-kolpino.ru,,[object Object]
Парк скульптуры,Калининград,остров Кант,«Парк скульптуры»,http://www.culture.ru/institutes/www.westrussia.org,,[object Object]
Подольский городской парк культуры и отдыха им. В. В. Талалихина,Городской округ город Подольск,"ул Рабочая, д 5Б",МУП Городского округа Подольск «Парк культуры и отдыха»,http://www.podolskpark.ru,5036001102,[object Object]
Парк «Воронежские озера»,Самара,,МАУ г.о. Самара «Парки Самары»,http://parki-samara.ru/парк-воронежские-озера.html,6315856580,[object Object]
Парк культуры «Первомайский»,Эртильский район,"г Эртиль, ул Сахарников",МКУК «Межпоселенческий центр культуры и досуга Эртильского муниципального района»,http://ertilmckd.ru,,[object Object]
Парк «Шинников»,Воронеж,"ул Ростовская, д 39В",МБУК «Централизованная клубная система» городского округа город Воронеж,,3666214025,[object Object]
Северский природный парк,ЗАТО Северск,"пр-кт Коммунистический,д 45А",МАУ «Северский природный парк»,http://park-seversk.ru,7024016235,[object Object]
Городской парк культуры и отдыха г. Новозыбков,Новозыбков,"ул Гагарина,д 8",МБУК  «Городской Дом культуры» г. Новозыбкова,,3204005122,[object Object]
Михневский парк культуры и отдыха,Ступинский район,"ул Гоголя,д 3",МКУК «Михневский парк культуры и отдыха»,,5045038388,[object Object]
Парк имени Александра Сергеевича Пушкина,Шегарский район,"ул Ленина,д 28",МАУК «КСЦ Шегарского района»,http://ksc.tom.muzkult.ru,7016000062,[object Object]
Большой Розарий парка «Сокольники»,Москва,"просек Лучевой 1-й,д 2А",ГАУК «Парк культуры и отдыха «Сокольники»,http://rozarii.info,,[object Object]
Городской парк г. Лебедянь,Лебедянский район,ул Победы,МБУК «Городской центр культуры и досуга»,,4811008537,[object Object]
Парк «Костино»,Городской округ город Королёв,"ул Дзержинского,д 26",АУК «Деловой и культурный центр «КОСТИНО»,http://kostino.org,5018040532,[object Object]
Городской сад г. Котельнич,Котельнич,"ул Советская,д 132",Муниципальное бюджетное учреждение «Котельничский городской Дом культуры»,,,[object Object]
Перовский парк культуры и отдыха,Москва,"ул Лазо,д 7",ГАУК г. Москвы «Перовский парк культуры и отдыха»,http://perovskiy-park.ru,,[object Object]
Музейно-парковый комплекс «Северное Тушино»,Москва,"ул Свободы,д 56",ГАУК «Музейно-парковый комплекс «Северное Тушино»,http://mosparks.ru/about/severnoe-tushino,,[object Object]
Парк Ораниенбаум,Санкт-Петербург,"пр-кт Дворцовый,д 46",ФГБУК «Государственный музей-заповедник «Петергоф»,http://peterhofmuseum.ru,7819012731,[object Object]
Белгородский зоопарк,Белгород,"ул Волчанская,д 292в",ООО «Белгородский зоопарк»,http://belzoopark.ru,3123351558,[object Object]
Парк культуры и отдыха им. Н. Островского г. Ступино,Ступинский район,"ул Чайковского,влд 1",Муниципальное автономное учреждение «Парк культуры и отдыха им. Н. Островского» городского поселения Ступино Ступинского МР,http://pkio-stupino.mo.muzkult.ru,5045030950,[object Object]
Городской парк г. Елец,Елец,"ул Коммунаров,д 12",МАУК «Городской парк» г. Ельца,http://gorpark.ucoz.ru,4821009890,[object Object]
Дубовая роща г. Кашира,Городской округ Кашира,,МБУК «Дом культуры Ожерелье»,,5019013355,[object Object]
Парк Александрия,Санкт-Петербург,"пр-кт Санкт-Петербургский,д 5",ФГБУК «Государственный музей-заповедник «Петергоф»,http://peterhofmuseum.ru,7819012731,[object Object]
Парк Захарово,Одинцовский район,"ул Зеленая,д 1А",Муниципальное бюджетное учреждение «Парк Захарово»,http://zakharovopark.ru,5032197038,[object Object]
Центральный парк развлечений им. М. Горького,Пермь,"ул Сибирская,д 49",ООО «Центральный парк развлечений им. А. М. Горького»,http://parkperm.ru,,[object Object]
Парк культуры и отдыха г. Мичуринск,Мичуринск,"ул Советская,д 355А",МБУК «Парк культуры и отдыха»,http://park-michurinsk.ru,6827012772,[object Object]
Парк культуры и отдыха «Дубки»,Городской округ Озёры,"ул Парковая,д 2в",МУК «Городской центр культуры и досуга»,,,[object Object]
Стародубский городской парк им. А. И. Рубца,Стародуб,ул Садовая,МУК «Парк культуры и отдыха им. А. И. Рубца города Стародуба»,,3253002614,[object Object]
Парк культуры и отдыха «Дружба»,Похвистнево,ул Комсомольская,МБУК «Дворец культуры» г.о. Похвистнево Самарской области,,6357020317,[object Object]
Городской парк «Культурный досуговый центр»,Усманский район,"ул Исполатова,д 11а",МБУК «Культурный досуговый центр»,,4816024148,[object Object]
Парковая зона с. Верхняя Хава,Верхнехавский район,ул 50 лет Октября,КМУК «Верхнехвский Дворец культуры»,http://vhavadk.ru,,[object Object]
Городской парк культуры и отдыха города Жигулевска,Жигулёвск,"ул Ленина,д 3",Муниципальное бюджетное учреждение «Городской парк культуры и отдыха» ,http://gorpark63.ru,,[object Object]
Парк культуры и отдыха г. Березники,Березники,"пр-кт Ленина,д 50",МАУ МОК «Парк культуры и отдыха»,http://parkber.ru,5911028881,[object Object]
Парк с. Солдатское,Тербунский район,ул Сельская,МБУК «ПЦКД» с. Солдатское,,4807007869,[object Object]
Парк «Покровский»,Сергиево-Посадский район,"ул Рабочая 2-я,д 1/1а",МБУК «Центр Елизаветы Мамонтовой»,http://centrmamontovoi.ru/category/park-pokrovskij,5042136002,[object Object]
Парк культуры и отдыха им. П. М. Зернова,Саров,"ул Давиденко,д 9",МБУК многофункциональный «Центр развития культуры и искусства г. Саров Нижегородской области»,http://sarovpark.ru,,[object Object]
Детский парк «Гномик»,Сызрань,"ул Советская,д 90",МБУ «Городской дом культуры»,http://gdk-syzran.ru,6325053430,[object Object]
Центральный парк с. Митрофановка,Кантемировский район,ул Победы,МКУК «Митрофановский центр культурно-спортивного досуга»,,,[object Object]
Городской парк культуры и отдыха им. Ю. Гагарина г. Южно-Сахалинск,Южно-Сахалинск,"ул Детская,д 1",МАУ «ГПКиО»,http://sakhalin-park.ru,6501072631,[object Object]
Городской парк культуры и отдыха г. Вичуга,Вичуга,ул Большая Пролетарская,МБУК «Культурный центр»,http://kc-vichuga.ivn.muzkult.ru,,[object Object]
Городской парк Победы,Белгород,ул Победы,МБУК Городской центр народного творчества Сокол,,3123037380,[object Object]
Волоконовский парк культуры и отдыха имени 70-летия Победы,Волоконовский район,ул Ленина,МБУК «Волоконовский парк культуры и отдыха имени 70-летия Победы»,http://ukvol-k.wixsite.com/vol-park,3106007153,[object Object]
Городской парк им. Уральских добровольцев,Унечский район,ул Транспортная,МУК «Унечский городской парк культуры и отдыха им. Уральских добровольцев»,http://gorpark-unecha.my1.ru,3253002195,[object Object]
Парк им. Н. Островского,Ростов-на-Дону,"пр-кт Сельмаш,д 1А",МАУ «Парк культуры и отдыха им. Н. Островского»,,,[object Object]
Парк Победы г. Липецк,Липецк,"пр-кт Имени 60-летия СССР,влд 36",МАУК «Парк Победы»,http://www.parkpobedy48.ru,4826038083,[object Object]
Парк «Пехорка» г. Балашиха,Балашиха,"ул Парковая,влд 4",МАУК Городского округа Балашиха «Объединенная дирекция парков»,https://park-pehorka.ru,5001047561,[object Object]
Парк Победы на Поклонной горе,Москва,"ул Братьев Фонченко,д 7",ГАУК «Парк «Поклонная гора»,http://poklonnaya-gora.ru,7730667350,[object Object]
Московский городской сад «Эрмитаж»,Москва,"ул Каретный Ряд,д 3",ГАУК города Москвы «Московский городской сад «Эрмитаж»,http://www.mosgorsad.ru,,[object Object]
Сад культуры и отдыха им. Н. Э. Баумана,Москва,"ул Басманная Стар.,д 15",ГАУК «Сад культуры и отдыха имени Н. Э. Баумана»,,7701036840,[object Object]
Парк культуры и отдыха п. Локоть,Брасовский район,"ул Советская,д 6а",МБУК «Культурно досуговый-центр Брасовского района»,,,[object Object]
Сиреневый сад,Москва,"Щелковское шоссе,вл. 8-12",ГАУК г. Москвы «Измайловский парк культуры и отдыха»,http://www.izmailovsky-park.ru,7719019638,[object Object]
Парк «Быханов сад»,Липецк,"ул Гагарина,д 70б",МАУК «Парк Быханов сад»,http://byhanovsad.ru,4825033903,[object Object]
Измайловский парк культуры и отдыха,Москва,"аллея Большого Круга,д 7",ГАУК г. Москвы «Измайловский парк культуры и отдыха»,http://www.izmailovsky-park.ru,7719019638,[object Object]
Парк д. Петровское,Тербунский район,ул Молодежная,МБУК «ПЦКД» с. Солдатское,,4807007869,[object Object]
Нижний парк г. Липецка,Липецк,"проезд Петровский,д 2",МАУК «Нижний парк» г. Липецка,http://parki48.ru,4825033910,[object Object]
Парк культуры и отдыха г. Гурьевска,Гурьевск,"ул Калининградское шоссе,д 6б",БУ «Парк культуры и отдыха г. Гурьевска»,https://gurpark.ru,3917026301,[object Object]
Парк культуры и отдыха «Пегас»,Егорьевск,"ул Советская,д 36",МУК «Центр культуры и досуга «Пегас»,http://pkiopegas.ucoz.ru,5011002136,[object Object]
Центральный парк культуры и отдыха им. С. М. Кирова,Санкт-Петербург,"остров Елагин,д 4",Санкт-Петербургское государственное бюджетное учреждение культуры «Центральный парк культуры и отдыха имени С.М. Кирова»,http://elaginpark.org,7813046452,[object Object]
Парк культуры и отдыха п. Клетня,Клетнянский район,"ул Ленина,д 115А",МБУК «Центр народной культуры и досуга»,,,[object Object]
Елизовский районный зоопарк,Елизовский район,"ул Ленина,д 20а",МБУК «Елизовский районный зоопарк»,http://zooparkpk.ru/o-zooparke,4105031356,[object Object]
Русский музей. Михайловский сад,Санкт-Петербург,сад Михайловский,ФГБУК «Государственный Русский музей»,http://www.rusmuseum.ru/museum/complex/mih_palace/mih_sad,7830002230,[object Object]
Парк регионального значения «Ключи»,Прохоровский район,"ул Костромская,д 10/1",Парк регионального значения «Ключи»,http://park-kluchi.ru,3115006678,[object Object]